"","x","y","vacancy_rate","approximate_date","poa_code"
"1",2.0483904749994,268.314113124657,5.78943724184037,2005-08-01,"3041"
"2",2.0483904749994,268.314113124657,5.78943724184037,2005-08-15,"3041"
"3",6.5841122410694,313.793859649123,6.74558270676692,2005-08-30,"3041"
"4",6.5841122410694,313.793859649123,6.74558270676692,2005-09-14,"3041"
"5",7.9516095250006,268.314113124657,5.78943724184037,2005-09-28,"3041"
"6",10.680893191068,153.070175438596,3.28007518796993,2005-10-13,"3041"
"7",10.680893191068,153.070175438596,3.28007518796993,2005-10-28,"3041"
"8",15.222711357361,129.896004378763,2.78348580811635,2005-11-11,"3041"
"9",15.222711357361,129.896004378763,2.78348580811635,2005-11-26,"3041"
"10",19.612119518074,129.68306010929,2.77892271662763,2005-12-11,"3041"
"11",19.612119518074,129.68306010929,2.77892271662763,2005-12-26,"3041"
"12",24.147841284144,129.68306010929,2.77892271662763,2006-01-09,"3041"
"13",24.147841284144,129.68306010929,2.77892271662763,2006-01-24,"3041"
"14",28.537249444857,144.702673213312,3.10077156885668,2006-02-08,"3041"
"15",28.537249444857,144.702673213312,3.10077156885668,2006-02-22,"3041"
"16",33.072971210927,182.483660130719,3.91036414565826,2006-03-09,"3041"
"17",33.072971210927,182.483660130719,3.91036414565826,2006-03-24,"3041"
"18",37.608692976997,220.501089324619,4.75002368096997,2006-04-07,"3041"
"19",37.608692976997,220.501089324619,4.75002368096997,2006-04-22,"3041"
"20",41.99810113771,227.732463295269,4.90722746294063,2006-05-07,"3041"
"21",41.99810113771,227.732463295269,4.90722746294063,2006-05-22,"3041"
"22",46.527726503557,159.153094462541,3.41042345276873,2006-06-05,"3041"
"23",46.527726503557,159.153094462541,3.41042345276873,2006-06-20,"3041"
"24",50.91713466427,151.327913279133,3.24274099883856,2006-07-05,"3041"
"25",50.91713466427,151.327913279133,3.24274099883856,2006-07-19,"3041"
"26",55.45285643034,128.628726287263,2.75632984901278,2006-08-03,"3041"
"27",55.45285643034,128.628726287263,2.75632984901278,2006-08-18,"3041"
"28",59.98857819641,113.311688311688,2.42810760667903,2006-09-02,"3041"
"29",59.98857819641,113.311688311688,2.42810760667903,2006-09-16,"3041"
"30",64.085359146409,158.37925445705,3.39384116693679,2006-10-01,"3041"
"31",64.085359146409,158.37925445705,3.39384116693679,2006-10-16,"3041"
"32",68.621080912479,82.9605618584549,1.77772632553832,2006-10-30,"3041"
"33",68.621080912479,82.9605618584549,1.77772632553832,2006-11-14,"3041"
"34",73.016585473415,120.474649406688,2.58159963014332,2006-11-29,"3041"
"35",73.016585473415,120.474649406688,2.58159963014332,2006-12-13,"3041"
"36",77.552307239485,97.7275175013463,2.09416108931456,2006-12-28,"3041"
"37",77.552307239485,97.7275175013463,2.09416108931456,2007-01-12,"3041"
"38",81.941715400198,157.867528271405,3.38287560581583,2007-01-27,"3041"
"39",81.941715400198,157.867528271405,3.38287560581583,2007-02-10,"3041"
"40",86.477437166268,150.10752688172,3.21658986175115,2007-02-25,"3041"
"41",86.477437166268,150.10752688172,3.21658986175115,2007-03-12,"3041"
"42",91.013158932338,97.2561629153269,2.08406063389986,2007-03-26,"3041"
"43",91.013158932338,97.2561629153269,2.08406063389986,2007-04-10,"3041"
"44",95.402567093051,59.7538790797218,1.28044026599404,2007-04-25,"3041"
"45",95.402567093051,59.7538790797218,1.28044026599404,2007-05-09,"3041"
"46",99.932192458897,104.234666666667,2.2336,2007-05-24,"3041"
"47",99.932192458897,104.234666666667,2.2336,2007-06-08,"3041"
"48",104.32160061961,89.2012779552716,1.91145595618439,2007-06-23,"3041"
"49",104.32160061961,89.2012779552716,1.91145595618439,2007-07-07,"3041"
"50",108.85732238568,103.736730360934,2.22292993630573,2007-07-22,"3041"
"51",108.85732238568,103.736730360934,2.22292993630573,2007-08-06,"3041"
"52",113.39304415175,110.969793322735,2.37792414263003,2007-08-20,"3041"
"53",113.39304415175,110.969793322735,2.37792414263003,2007-09-04,"3041"
"54",117.48982510175,110.618066561014,2.37038714059316,2007-09-19,"3041"
"55",117.48982510175,110.618066561014,2.37038714059316,2007-10-04,"3041"
"56",122.03164326804,80.9915611814346,1.73553345388788,2007-10-18,"3041"
"57",122.03164326804,80.9915611814346,1.73553345388788,2007-11-02,"3041"
"58",126.42105142876,80.7360672975815,1.73005858494817,2007-11-17,"3041"
"59",126.42105142876,80.7360672975815,1.73005858494817,2007-12-01,"3041"
"60",130.95677319483,43.8993710691824,0.940700808625337,2007-12-16,"3041"
"61",130.95677319483,43.8993710691824,0.940700808625337,2007-12-31,"3041"
"62",135.34618135554,94.9659863945578,2.03498542274053,2008-01-14,"3041"
"63",135.34618135554,94.9659863945578,2.03498542274053,2008-01-29,"3041"
"64",139.88190312161,138.362023995827,2.96490051419629,2008-02-13,"3041"
"65",139.88190312161,138.362023995827,2.96490051419629,2008-02-28,"3041"
"66",144.41762488768,101.791666666667,2.18125,2008-03-13,"3041"
"67",144.41762488768,101.791666666667,2.18125,2008-03-28,"3041"
"68",148.80703304839,50.7372793354102,1.08722741433022,2008-04-12,"3041"
"69",148.80703304839,50.7372793354102,1.08722741433022,2008-04-26,"3041"
"70",153.33665841424,79.6060134784863,1.70584314596756,2008-05-11,"3041"
"71",153.33665841424,79.6060134784863,1.70584314596756,2008-05-26,"3041"
"72",157.72606657495,72.1447028423772,1.54595791805094,2008-06-10,"3041"
"73",157.72606657495,72.1447028423772,1.54595791805094,2008-06-24,"3041"
"74",162.26178834102,122.456140350877,2.62406015037594,2008-07-09,"3041"
"75",162.26178834102,122.456140350877,2.62406015037594,2008-07-24,"3041"
"76",166.79751010709,114.897119341564,2.4620811287478,2008-08-07,"3041"
"77",166.79751010709,114.897119341564,2.4620811287478,2008-08-22,"3041"
"78",171.04060466245,64.5300462249615,1.3827867048206,2008-09-06,"3041"
"79",171.04060466245,64.5300462249615,1.3827867048206,2008-09-20,"3041"
"80",175.57632642852,78.6277521761393,1.68488040377441,2008-10-05,"3041"
"81",175.57632642852,78.6277521761393,1.68488040377441,2008-10-20,"3041"
"82",179.97183098945,92.63910158244,1.985123605338,2008-11-04,"3041"
"83",179.97183098945,92.63910158244,1.985123605338,2008-11-18,"3041"
"84",184.50755275552,71.1518858307849,1.52468326780253,2008-12-03,"3041"
"85",184.50755275552,71.1518858307849,1.52468326780253,2008-12-18,"3041"
"86",188.89696091624,120.589430894309,2.58405923344948,2009-01-01,"3041"
"87",188.89696091624,120.589430894309,2.58405923344948,2009-01-16,"3041"
"88",193.43268268231,177.067478437341,3.7943031093716,2009-01-31,"3041"
"89",193.43268268231,177.067478437341,3.7943031093716,2009-02-14,"3041"
"90",197.96840444838,127.101669195751,2.72360719705181,2009-03-01,"3041"
"91",197.96840444838,127.101669195751,2.72360719705181,2009-03-16,"3041"
"92",202.35781260909,133.959595959596,2.87056277056277,2009-03-31,"3041"
"93",202.35781260909,133.959595959596,2.87056277056277,2009-04-14,"3041"
"94",206.88743797494,140.584088620342,3.01251618472162,2009-04-29,"3041"
"95",206.88743797494,140.584088620342,3.01251618472162,2009-05-14,"3041"
"96",211.27684613565,98.2604323780794,2.10558069381599,2009-05-28,"3041"
"97",211.27684613565,98.2604323780794,2.10558069381599,2009-06-12,"3041"
"98",215.81256790172,90.9674185463659,1.94930182599356,2009-06-27,"3041"
"99",215.81256790172,90.9674185463659,1.94930182599356,2009-07-12,"3041"
"100",220.34828966779,125.765765765766,2.69498069498069,2009-07-26,"3041"
"101",220.34828966779,125.765765765766,2.69498069498069,2009-08-10,"3041"
"102",224.44507061779,139.321357285429,2.98545765611634,2009-08-25,"3041"
"103",224.44507061779,139.321357285429,2.98545765611634,2009-09-08,"3041"
"104",228.98079238386,159.741293532338,3.42302771855011,2009-09-23,"3041"
"105",228.98079238386,159.741293532338,3.42302771855011,2009-10-08,"3041"
"106",233.37629694479,124.828614008942,2.67489887162018,2009-10-22,"3041"
"107",233.37629694479,124.828614008942,2.67489887162018,2009-11-06,"3041"
"108",237.91201871086,124.45765230312,2.66694969220972,2009-11-21,"3041"
"109",237.91201871086,124.45765230312,2.66694969220972,2009-12-06,"3041"
"110",242.30142687158,110.464886251236,2.36710470538364,2009-12-20,"3041"
"111",242.30142687158,110.464886251236,2.36710470538364,2010-01-04,"3041"
"112",246.83714863765,130.788954635108,2.80262045646661,2010-01-19,"3041"
"113",246.83714863765,130.788954635108,2.80262045646661,2010-02-02,"3041"
"114",251.37287040372,116.848842934515,2.50390377716818,2010-02-17,"3041"
"115",251.37287040372,116.848842934515,2.50390377716818,2010-03-04,"3041"
"116",255.76227856443,95.9450171821306,2.0559646539028,2010-03-19,"3041"
"117",255.76227856443,95.9450171821306,2.0559646539028,2010-04-02,"3041"
"118",260.29190393028,109.490196078431,2.34621848739496,2010-04-17,"3041"
"119",260.29190393028,109.490196078431,2.34621848739496,2010-05-02,"3041"
"120",264.68131209099,143.284457478006,3.07038123167155,2010-05-16,"3041"
"121",264.68131209099,143.284457478006,3.07038123167155,2010-05-31,"3041"
"122",269.21703385706,122.456140350877,2.62406015037594,2010-06-15,"3041"
"123",269.21703385706,122.456140350877,2.62406015037594,2010-06-29,"3041"
"124",273.75275562313,129.070559610706,2.76579770594369,2010-07-14,"3041"
"125",273.75275562313,129.070559610706,2.76579770594369,2010-07-29,"3041"
"126",277.84953657313,81.2809315866085,1.74173424828447,2010-08-13,"3041"
"127",277.84953657313,81.2809315866085,1.74173424828447,2010-08-27,"3041"
"128",282.3852583392,81.1627906976744,1.73920265780731,2010-09-11,"3041"
"129",282.3852583392,81.1627906976744,1.73920265780731,2010-09-26,"3041"
"130",286.78076290013,74.1835748792271,1.58964803312629,2010-10-10,"3041"
"131",286.78076290013,74.1835748792271,1.58964803312629,2010-10-25,"3041"
"132",291.3164846662,80.8104196816208,1.73165185032045,2010-11-09,"3041"
"133",291.3164846662,80.8104196816208,1.73165185032045,2010-11-23,"3041"
"134",295.70589282692,181.298701298701,3.88497217068646,2010-12-08,"3041"
"135",295.70589282692,181.298701298701,3.88497217068646,2010-12-23,"3041"
"136",300.24161459299,174.33237271854,3.73569370111157,2011-01-07,"3041"
"137",300.24161459299,174.33237271854,3.73569370111157,2011-01-21,"3041"
"138",304.77733635906,167.145593869732,3.58169129720854,2011-02-05,"3041"
"139",304.77733635906,167.145593869732,3.58169129720854,2011-02-20,"3041"
"140",309.16674451977,186.934481109517,4.00573888091822,2011-03-06,"3041"
"141",309.16674451977,186.934481109517,4.00573888091822,2011-03-21,"3041"
"142",313.69636988562,286.256556986171,6.15549764970366,2011-04-05,"3041"
"143",313.69636988562,286.256556986171,6.15549764970366,2011-04-20,"3041"
"144",318.08577804633,285.439847836424,6.13799673935195,2011-05-04,"3041"
"145",318.08577804633,285.439847836424,6.13799673935195,2011-05-19,"3041"
"146",322.6214998124,212.117758784425,4.56777736487881,2011-06-03,"3041"
"147",322.6214998124,212.117758784425,4.56777736487881,2011-06-17,"3041"
"148",327.15722157847,204.905303030303,4.39082792207792,2011-07-02,"3041"
"149",327.15722157847,204.905303030303,4.39082792207792,2011-07-17,"3041"
"150",331.25400252847,178.212765957447,3.81884498480243,2011-07-31,"3041"
"151",331.25400252847,178.212765957447,3.81884498480243,2011-08-15,"3041"
"152",335.78972429454,151.381423856671,3.24388765407153,2011-08-30,"3041"
"153",335.78972429454,151.381423856671,3.24388765407153,2011-09-14,"3041"
"154",340.18522885547,105.160075329567,2.25343018563358,2011-09-28,"3041"
"155",340.18522885547,105.160075329567,2.25343018563358,2011-10-13,"3041"
"156",344.72095062154,124.525821596244,2.66841046277666,2011-10-28,"3041"
"157",344.72095062154,124.525821596244,2.66841046277666,2011-11-11,"3041"
"158",349.11035878226,196.34317862166,4.20735382760699,2011-11-26,"3041"
"159",349.11035878226,196.34317862166,4.20735382760699,2011-12-11,"3041"
"160",353.64608054833,143.581112669472,3.07673812863154,2011-12-25,"3041"
"161",353.64608054833,143.581112669472,3.07673812863154,2012-01-09,"3041"
"162",358.1818023144,109.717984281091,2.35109966316624,2012-01-24,"3041"
"163",358.1818023144,109.717984281091,2.35109966316624,2012-02-08,"3041"
"164",362.57121047511,108.365296803653,2.32211350293542,2012-02-22,"3041"
"165",362.57121047511,108.365296803653,2.32211350293542,2012-03-08,"3041"
"166",367.10083584096,81.9692863595303,1.75648470770422,2012-03-23,"3041"
"167",367.10083584096,81.9692863595303,1.75648470770422,2012-04-06,"3041"
"168",371.49024400167,112.128514056225,2.40275387263339,2012-04-21,"3041"
"169",371.49024400167,112.128514056225,2.40275387263339,2012-05-06,"3041"
"170",376.02596576774,110.940397350993,2.37729422894986,2012-05-21,"3041"
"171",376.02596576774,110.940397350993,2.37729422894986,2012-06-04,"3041"
"172",380.56168753381,103.542757417103,2.21877337322363,2012-06-19,"3041"
"173",380.56168753381,103.542757417103,2.21877337322363,2012-07-04,"3041"
"174",384.80478208917,162.746113989637,3.48741672834937,2012-07-18,"3041"
"175",384.80478208917,162.746113989637,3.48741672834937,2012-08-02,"3041"
"176",389.34050385524,166.828851899274,3.57490396927017,2012-08-17,"3041"
"177",389.34050385524,166.828851899274,3.57490396927017,2012-08-31,"3041"
"178",393.73600841617,224.11491339248,4.82858507374956,2012-09-15,"3041"
"179",393.73600841617,224.11491339248,4.82858507374956,2012-09-30,"3041"
"180",398.27173018224,244.912280701754,5.28070175438597,2012-10-15,"3041"
"181",398.27173018224,244.912280701754,5.28070175438597,2012-10-29,"3041"
"182",402.66113834295,161.654259718776,3.46401985111663,2012-11-13,"3041"
"183",402.66113834295,161.654259718776,3.46401985111663,2012-11-28,"3041"
"184",407.19686010902,188.41717791411,4.03751095530237,2012-12-12,"3041"
"185",407.19686010902,188.41717791411,4.03751095530237,2012-12-27,"3041"
"186",411.73258187509,192.239773187525,4.11942371116126,2013-01-11,"3041"
"187",411.73258187509,192.239773187525,4.11942371116126,2013-01-26,"3041"
"188",416.12199003581,139.823717948718,2.99622252747253,2013-02-09,"3041"
"189",416.12199003581,139.823717948718,2.99622252747253,2013-02-24,"3041"
"190",420.65161540165,110.793650793651,2.37414965986395,2013-03-11,"3041"
"191",420.65161540165,110.793650793651,2.37414965986395,2013-03-25,"3041"
"192",425.04102356237,148.160377358491,3.17486522911051,2013-04-09,"3041"
"193",425.04102356237,148.160377358491,3.17486522911051,2013-04-24,"3041"
"194",429.57674532844,157.464021781408,3.37422903817303,2013-05-08,"3041"
"195",429.57674532844,157.464021781408,3.37422903817303,2013-05-23,"3041"
"196",434.11246709451,118.350674373796,2.53608587943848,2013-06-07,"3041"
"197",434.11246709451,118.350674373796,2.53608587943848,2013-06-22,"3041"
"198",438.20924804451,111.807780320366,2.39588100686499,2013-07-06,"3041"
"199",438.20924804451,111.807780320366,2.39588100686499,2013-07-21,"3041"
"200",442.74496981058,121.345427059713,2.60025915127956,2013-08-05,"3041"
"201",442.74496981058,121.345427059713,2.60025915127956,2013-08-19,"3041"
"202",447.14047437151,109.674523007856,2.35016835016835,2013-09-03,"3041"
"203",447.14047437151,109.674523007856,2.35016835016835,2013-09-18,"3041"
"204",451.67619613758,129.403040415276,2.77292229461306,2013-10-02,"3041"
"205",451.67619613758,129.403040415276,2.77292229461306,2013-10-17,"3041"
"206",456.06560429829,112.745961820852,2.41598489616111,2013-11-01,"3041"
"207",456.06560429829,112.745961820852,2.41598489616111,2013-11-16,"3041"
"208",460.60132606436,121.921397379913,2.6126013724267,2013-11-30,"3041"
"209",460.60132606436,121.921397379913,2.6126013724267,2013-12-15,"3041"
"210",465.13704783043,140.857657657658,3.01837837837838,2013-12-30,"3041"
"211",465.13704783043,140.857657657658,3.01837837837838,2014-01-13,"3041"
"212",469.52645599115,99.7499106823866,2.13749808605114,2014-01-28,"3041"
"213",469.52645599115,99.7499106823866,2.13749808605114,2014-02-12,"3041"
"214",474.05608135699,98.7968860580326,2.11707612981498,2014-02-27,"3041"
"215",474.05608135699,98.7968860580326,2.11707612981498,2014-03-13,"3041"
"216",478.44548951771,146.947368421053,3.14887218045113,2014-03-28,"3041"
"217",478.44548951771,146.947368421053,3.14887218045113,2014-04-12,"3041"
"218",482.98121128378,160.125130344108,3.43125279308804,2014-04-26,"3041"
"219",482.98121128378,160.125130344108,3.43125279308804,2014-05-11,"3041"
"220",487.51693304985,144.364012409514,3.09351455163244,2014-05-26,"3041"
"221",487.51693304985,144.364012409514,3.09351455163244,2014-06-09,"3041"
"222",491.61371399985,100.225641025641,2.14769230769231,2014-06-24,"3041"
"223",491.61371399985,100.225641025641,2.14769230769231,2014-07-09,"3041"
"224",496.14943576592,80.3929539295393,1.72270615563298,2014-07-24,"3041"
"225",496.14943576592,80.3929539295393,1.72270615563298,2014-08-07,"3041"
"226",500.54494032685,89.1263440860215,1.90985023041475,2014-08-22,"3041"
"227",500.54494032685,89.1263440860215,1.90985023041475,2014-09-06,"3041"
"228",505.08066209292,79.027639027639,1.69344940773512,2014-09-20,"3041"
"229",505.08066209292,79.027639027639,1.69344940773512,2014-10-05,"3041"
"230",509.47007025364,78.401057152296,1.68002265326349,2014-10-20,"3041"
"231",509.47007025364,78.401057152296,1.68002265326349,2014-11-04,"3041"
"232",514.00579201971,105.13425016372,2.25287678922256,2014-11-18,"3041"
"233",514.00579201971,105.13425016372,2.25287678922256,2014-12-03,"3041"
"234",518.54151378578,126.991552956465,2.72124756335283,2014-12-18,"3041"
"235",518.54151378578,126.991552956465,2.72124756335283,2015-01-01,"3041"
"236",522.93092194649,107.903381642512,2.31221532091097,2015-01-16,"3041"
"237",522.93092194649,107.903381642512,2.31221532091097,2015-01-31,"3041"
"238",527.46054731234,84.7682965803771,1.81646349815094,2015-02-14,"3041"
"239",527.46054731234,84.7682965803771,1.81646349815094,2015-03-01,"3041"
"240",531.84995547305,212.319391634981,4.57216068771698,2015-03-16,"3041"
"241",531.84995547305,212.319391634981,4.57216068771698,2015-03-31,"3041"
"242",536.38567723912,179.987421383648,3.85687331536388,2015-04-14,"3041"
"243",536.38567723912,179.987421383648,3.85687331536388,2015-04-29,"3041"
"244",540.92139900519,152.354225132523,3.26473339569691,2015-05-14,"3041"
"245",540.92139900519,152.354225132523,3.26473339569691,2015-05-28,"3041"
"246",545.01817995519,164.184463014547,3.51823849316885,2015-06-12,"3041"
"247",545.01817995519,164.184463014547,3.51823849316885,2015-06-27,"3041"
"248",549.55390172126,141.399631675875,3.02999210734017,2015-07-11,"3041"
"249",549.55390172126,141.399631675875,3.02999210734017,2015-07-26,"3041"
"250",553.94940628219,102.084095063985,2.18751632279969,2015-08-10,"3041"
"251",553.94940628219,102.084095063985,2.18751632279969,2015-08-25,"3041"
"252",558.48512804826,97.1203871748336,2.08115115374644,2015-09-08,"3041"
"253",558.48512804826,97.1203871748336,2.08115115374644,2015-09-23,"3041"
"254",562.87453620898,159.159915991599,3.41056962839141,2015-10-08,"3041"
"255",562.87453620898,159.159915991599,3.41056962839141,2015-10-22,"3041"
"256",567.41025797505,162.180518319929,3.47529682114133,2015-11-06,"3041"
"257",567.41025797505,162.180518319929,3.47529682114133,2015-11-21,"3041"
"258",571.94597974112,123.758865248227,2.65197568389058,2015-12-06,"3041"
"259",571.94597974112,123.758865248227,2.65197568389058,2015-12-20,"3041"
"260",576.33538790183,94.2136150234742,2.01886317907445,2016-01-04,"3041"
"261",576.33538790183,94.2136150234742,2.01886317907445,2016-01-19,"3041"
"262",580.86501326768,105.665211062591,2.26425452276981,2016-02-02,"3041"
"263",580.86501326768,105.665211062591,2.26425452276981,2016-02-17,"3041"
"264",585.25442142839,169.505637467476,3.63226366001735,2016-03-03,"3041"
"265",585.25442142839,169.505637467476,3.63226366001735,2016-03-17,"3041"
"266",589.79014319446,128.146873207114,2.74600442586673,2016-04-01,"3041"
"267",589.79014319446,128.146873207114,2.74600442586673,2016-04-16,"3041"
"268",594.32586496053,123.293447293447,2.64200244200244,2016-05-01,"3041"
"269",594.32586496053,123.293447293447,2.64200244200244,2016-05-15,"3041"
"270",598.56895951588,90.7774950523042,1.94523203683509,2016-05-30,"3041"
"271",598.56895951588,90.7774950523042,1.94523203683509,2016-06-14,"3041"
"272",603.10468128195,137.208649255827,2.94018534119629,2016-06-28,"3041"
"273",603.10468128195,137.208649255827,2.94018534119629,2016-07-13,"3041"
"274",607.50018584289,112.831661092531,2.41782130912566,2016-07-28,"3041"
"275",607.50018584289,112.831661092531,2.41782130912566,2016-08-12,"3041"
"276",612.03590760896,139.136212624585,2.98149027052681,2016-08-26,"3041"
"277",612.03590760896,139.136212624585,2.98149027052681,2016-09-10,"3041"
"278",616.42531576967,145.776312173674,3.1237781180073,2016-09-25,"3041"
"279",616.42531576967,145.776312173674,3.1237781180073,2016-10-09,"3041"
"280",620.96103753574,133.387933387933,2.85831285831286,2016-10-24,"3041"
"281",620.96103753574,133.387933387933,2.85831285831286,2016-11-08,"3041"
"282",625.49675930181,125.662847790507,2.69277530979659,2016-11-22,"3041"
"283",625.49675930181,125.662847790507,2.69277530979659,2016-12-07,"3041"
"284",629.88616746253,106.623022367703,2.2847790507365,2016-12-22,"3041"
"285",629.88616746253,106.623022367703,2.2847790507365,2017-01-06,"3041"
"286",634.41579282837,121.755246661216,2.60904099988319,2017-01-20,"3041"
"287",634.41579282837,121.755246661216,2.60904099988319,2017-02-04,"3041"
"288",638.80520098909,155.998909784682,3.34283378110034,2017-02-19,"3041"
"289",638.80520098909,155.998909784682,3.34283378110034,2017-03-05,"3041"
"290",643.34092275516,140.664488017429,3.01423902894491,2017-03-20,"3041"
"291",643.34092275516,140.664488017429,3.01423902894491,2017-04-04,"3041"
"292",647.87664452123,136.862745098039,2.9327731092437,2017-04-18,"3041"
"293",647.87664452123,136.862745098039,2.9327731092437,2017-05-03,"3041"
"294",651.97342547122,102.563265306122,2.19778425655977,2017-05-18,"3041"
"295",651.97342547122,102.563265306122,2.19778425655977,2017-06-02,"3041"
"296",656.50914723729,110.160544217687,2.36058309037901,2017-06-16,"3041"
"297",656.50914723729,110.160544217687,2.36058309037901,2017-07-01,"3041"
"298",660.90465179823,87.2974442631865,1.87065951992542,2017-07-16,"3041"
"299",660.90465179823,87.2974442631865,1.87065951992542,2017-07-30,"3041"
"300",665.4403735643,87.2262972018473,1.86913494003959,2017-08-14,"3041"
"301",665.4403735643,87.2262972018473,1.86913494003959,2017-08-29,"3041"
"302",669.82978172501,91.0187449062755,1.95040167656305,2017-09-13,"3041"
"303",669.82978172501,91.0187449062755,1.95040167656305,2017-09-27,"3041"
"304",674.36550349108,109.891422366992,2.35481619357841,2017-10-12,"3041"
"305",674.36550349108,109.891422366992,2.35481619357841,2017-10-27,"3041"
"306",678.90122525715,181.889250814332,3.89762680316426,2017-11-10,"3041"
"307",678.90122525715,181.889250814332,3.89762680316426,2017-11-25,"3041"
"308",683.29063341787,174.168700840792,3.7321864465884,2017-12-10,"3041"
"309",683.29063341787,174.168700840792,3.7321864465884,2017-12-24,"3041"
"310",687.82025878371,174.168700840792,3.7321864465884,2018-01-08,"3041"
"311",687.82025878371,174.168700840792,3.7321864465884,2018-01-23,"3041"
"312",692.20966694443,177.810298102981,3.81022067363531,2018-02-07,"3041"
"313",692.20966694443,177.810298102981,3.81022067363531,2018-02-21,"3041"
"314",696.7453887105,105.929539295393,2.26991869918699,2018-03-08,"3041"
"315",696.7453887105,105.929539295393,2.26991869918699,2018-03-23,"3041"
"316",701.28111047657,105.843487679393,2.268074735987,2018-04-06,"3041"
"317",701.28111047657,105.843487679393,2.268074735987,2018-04-21,"3041"
"318",705.37789142657,90.7229894394801,1.94406405941743,2018-05-06,"3041"
"319",705.37789142657,90.7229894394801,1.94406405941743,2018-05-20,"3041"
"320",709.91361319264,75.5411255411256,1.61873840445269,2018-06-04,"3041"
"321",709.91361319264,75.5411255411256,1.61873840445269,2018-06-19,"3041"
"322",714.30911775357,79.2538523925385,1.69829683698297,2018-07-04,"3041"
"323",714.30911775357,79.2538523925385,1.69829683698297,2018-07-18,"3041"
"324",718.84483951964,71.705866450392,1.53655428107983,2018-08-02,"3041"
"325",718.84483951964,71.705866450392,1.53655428107983,2018-08-17,"3041"
"326",723.23424768035,52.7930848190167,1.13128038897893,2018-08-31,"3041"
"327",723.23424768035,52.7930848190167,1.13128038897893,2018-09-15,"3041"
"328",727.76996944642,60.3349540788763,1.29289187311878,2018-09-30,"3041"
"329",727.76996944642,60.3349540788763,1.29289187311878,2018-10-15,"3041"
"330",732.30569121249,56.5182186234817,1.21110468478889,2018-10-29,"3041"
"331",732.30569121249,56.5182186234817,1.21110468478889,2018-11-13,"3041"
"332",736.69509937321,60.2860998650472,1.29184499710815,2018-11-28,"3041"
"333",736.69509937321,60.2860998650472,1.29184499710815,2018-12-12,"3041"
"334",741.22472473905,105.415318230852,2.25889967637541,2018-12-27,"3041"
"335",741.22472473905,105.415318230852,2.25889967637541,2019-01-11,"3041"
"336",745.61413289977,109.180151024811,2.33957466481738,2019-01-25,"3041"
"337",745.61413289977,109.180151024811,2.33957466481738,2019-02-09,"3041"
"338",750.14985466584,127.900835354352,2.74073218616468,2019-02-24,"3041"
"339",750.14985466584,127.900835354352,2.74073218616468,2019-03-11,"3041"
"340",754.68557643191,105.330099703584,2.2570735650768,2019-03-25,"3041"
"341",754.68557643191,105.330099703584,2.2570735650768,2019-04-09,"3041"
"342",758.78235738191,82.6925148088314,1.77198246018925,2019-04-24,"3041"
"343",758.78235738191,82.6925148088314,1.77198246018925,2019-05-08,"3041"
"344",763.31807914798,120.182943233791,2.57534878358123,2019-05-23,"3041"
"345",763.31807914798,120.182943233791,2.57534878358123,2019-06-07,"3041"
"346",767.71358370891,116.427226257735,2.49486913409432,2019-06-22,"3041"
"347",767.71358370891,116.427226257735,2.49486913409432,2019-07-06,"3041"
"348",772.24930547498,168.870967741935,3.61866359447005,2019-07-21,"3041"
"349",772.24930547498,168.870967741935,3.61866359447005,2019-08-05,"3041"
"350",776.63871363569,112.58064516129,2.41244239631336,2019-08-19,"3041"
"351",776.63871363569,112.58064516129,2.41244239631336,2019-09-03,"3041"
"352",781.17443540176,101.240934730056,2.16944860135835,2019-09-18,"3041"
"353",781.17443540176,101.240934730056,2.16944860135835,2019-10-02,"3041"
"354",785.71015716783,93.7416062315337,2.00874870496144,2019-10-17,"3041"
"355",785.71015716783,93.7416062315337,2.00874870496144,2019-11-01,"3041"
"356",790.09956532855,127.385936661299,2.72969864274212,2019-11-16,"3041"
"357",790.09956532855,127.385936661299,2.72969864274212,2019-11-30,"3041"
"358",794.62919069439,146.119162640902,3.13112491373361,2019-12-15,"3041"
"359",794.62919069439,146.119162640902,3.13112491373361,2019-12-30,"3041"
"360",799.01859885511,183.43791901314,3.93081255028158,2020-01-13,"3041"
"361",799.01859885511,183.43791901314,3.93081255028158,2020-01-28,"3041"
"362",803.55432062118,123.440514469453,2.64515388148829,2020-02-12,"3041"
"363",803.55432062118,123.440514469453,2.64515388148829,2020-02-26,"3041"
"364",808.09004238725,104.737406216506,2.2443729903537,2020-03-12,"3041"
"365",808.09004238725,104.737406216506,2.2443729903537,2020-03-27,"3041"
"366",812.3331369426,115.866131191432,2.48284566838784,2020-04-11,"3041"
"367",812.3331369426,115.866131191432,2.48284566838784,2020-04-25,"3041"
"368",816.86885870867,194.35609103079,4.16477337923121,2020-05-10,"3041"
"369",816.86885870867,194.35609103079,4.16477337923121,2020-05-25,"3041"
"370",821.26436326961,171.7924023542,3.68126576473286,2020-06-08,"3041"
"371",821.26436326961,171.7924023542,3.68126576473286,2020-06-23,"3041"
"372",825.80008503568,153.119315141787,3.28112818160972,2020-07-08,"3041"
"373",825.80008503568,153.119315141787,3.28112818160972,2020-07-23,"3041"
"374",830.18949319639,145.533279871692,3.11857028296483,2020-08-06,"3041"
"375",830.18949319639,145.533279871692,3.11857028296483,2020-08-21,"3041"
"376",834.72521496246,167.923015236568,3.59835032649788,2020-09-05,"3041"
"377",834.72521496246,167.923015236568,3.59835032649788,2020-09-19,"3041"
"378",839.26093672853,175.245726495727,3.75526556776557,2020-10-04,"3041"
"379",839.26093672853,175.245726495727,3.75526556776557,2020-10-19,"3041"
"380",843.65034488925,197.459300773952,4.23127073087041,2020-11-02,"3041"
"381",843.65034488925,197.459300773952,4.23127073087041,2020-11-17,"3041"
"382",848.17997025509,186.28235922071,3.99176484044378,2020-12-02,"3041"
"383",848.17997025509,186.28235922071,3.99176484044378,2020-12-17,"3041"
"384",852.5693784158,249.418666666667,5.37866666666667,2020-12-31,"3041"
"385",852.5693784158,249.418666666667,5.37866666666667,2021-01-15,"3041"
"386",857.10510018187,249.418666666667,5.37866666666667,2021-01-30,"3041"
"387",857.10510018187,249.418666666667,5.37866666666667,2021-02-13,"3041"
"388",861.64082194794,230.620836664002,4.97001818834787,2021-02-28,"3041"
"389",861.64082194794,230.620836664002,4.97001818834787,2021-03-15,"3041"
"390",865.73760289794,212.022382094325,4.56570395857227,2021-03-30,"3041"
"391",865.73760289794,212.022382094325,4.56570395857227,2021-04-13,"3041"
"392",870.27332466401,189.552715654952,4.06184390689183,2021-04-28,"3041"
"393",870.27332466401,189.552715654952,4.06184390689183,2021-05-13,"3041"
"394",874.66882922495,185.835995740149,3.98219990871748,2021-05-27,"3041"
"395",874.66882922495,185.835995740149,3.98219990871748,2021-06-11,"3041"
"396",879.20455099102,215.397712157489,4.63908069907584,2021-06-26,"3041"
"397",879.20455099102,215.397712157489,4.63908069907584,2021-07-10,"3041"
"398",883.59395915173,222.825219473264,4.80054824941879,2021-07-25,"3041"
"399",883.59395915173,222.825219473264,4.80054824941879,2021-08-09,"3041"
"400",888.1296809178,200.382775119617,4.29391660970608,2021-08-24,"3041"
"401",888.1296809178,200.382775119617,4.29391660970608,2021-09-07,"3041"
"402",892.66540268387,226.177954847278,4.87343380102777,2021-09-22,"3041"
"403",892.66540268387,226.177954847278,4.87343380102777,2021-10-07,"3041"
"404",897.05481084459,237.301460823373,5.1152491483342,2021-10-21,"3041"
"405",897.05481084459,237.301460823373,5.1152491483342,2021-11-05,"3041"
"406",901.58443621043,211.178343949045,4.5473553032401,2021-11-20,"3041"
"407",901.58443621043,211.178343949045,4.5473553032401,2021-12-04,"3041"
"408",905.97384437115,214.883227176221,4.62789624296132,2021-12-19,"3041"
"409",905.97384437115,214.883227176221,4.62789624296132,2022-01-03,"3041"
"410",910.50956613722,199.904534606205,4.2836685987044,2022-01-18,"3041"
"411",910.50956613722,199.904534606205,4.2836685987044,2022-02-01,"3041"
"412",915.04528790329,203.606470432246,4.3629957949767,2022-02-16,"3041"
"413",915.04528790329,203.606470432246,4.3629957949767,2022-03-03,"3041"
"414",919.14206885328,196.046634870164,4.20099931864638,2022-03-17,"3041"
"415",919.14206885328,196.046634870164,4.20099931864638,2022-04-01,"3041"
"416",923.67779061935,170.15368309486,3.6461503520327,2022-04-16,"3041"
"417",923.67779061935,170.15368309486,3.6461503520327,2022-05-01,"3041"
"418",928.07329518029,158.930368016945,3.40565074322024,2022-05-15,"3041"
"419",928.07329518029,158.930368016945,3.40565074322024,2022-05-30,"3041"
"420",932.60901694636,136.754037595976,2.93044366277091,2022-06-14,"3041"
"421",932.60901694636,136.754037595976,2.93044366277091,2022-06-28,"3041"
"422",936.99842510707,132.952380952381,2.84897959183674,2022-07-13,"3041"
"423",936.99842510707,132.952380952381,2.84897959183674,2022-07-28,"3041"
"424",941.53414687314,114.395982024848,2.45134247196103,2022-08-11,"3041"
"425",941.53414687314,114.395982024848,2.45134247196103,2022-08-26,"3041"
"426",946.06986863921,121.776367961935,2.60949359918432,2022-09-10,"3041"
"427",946.06986863921,121.776367961935,2.60949359918432,2022-09-25,"3041"
"428",950.45927679993,103.24352879028,2.21236133122029,2022-10-09,"3041"
"429",950.45927679993,103.24352879028,2.21236133122029,2022-10-24,"3041"
"430",954.98890216577,99.5562599049128,2.13334842653385,2022-11-08,"3041"
"431",954.98890216577,99.5562599049128,2.13334842653385,2022-11-22,"3041"
"432",959.37831032649,99.4774346793349,2.13165931455718,2022-12-07,"3041"
"433",959.37831032649,99.4774346793349,2.13165931455718,2022-12-22,"3041"
"434",969.37831032649,99.4774346793349,2.13165931455718,2023-01-06,"3041"
