"","x","y","median_weekly_rent","approximate_date","poa_code"
"1",0,177.135306122449,354.270612244898,2005-08-01,"6059"
"2",1.4109156695213,180.696530612245,361.39306122449,2005-08-10,"6059"
"3",6.2483408221656,176.138163265306,352.276326530612,2005-08-20,"6059"
"4",7.6592564916869,172.363265306122,344.726530612245,2005-08-30,"6059"
"5",12.295122262971,170.511428571429,341.022857142857,2005-09-09,"6059"
"6",13.697639624936,171.36612244898,342.732244897959,2005-09-19,"6059"
"7",15.108555294457,171.722244897959,343.444489795918,2005-09-29,"6059"
"8",16.519470963978,174.428775510204,348.857551020408,2005-10-09,"6059"
"9",18.53506477758,176.707959183673,353.415918367347,2005-10-19,"6059"
"10",19.945980447101,178.702244897959,357.404489795918,2005-10-29,"6059"
"11",21.356896116623,178.773469387755,357.54693877551,2005-11-07,"6059"
"12",22.767811786144,181.551224489796,363.102448979592,2005-11-17,"6059"
"13",24.581846218385,180.197959183673,360.395918367347,2005-11-27,"6059"
"14",25.992761887907,178.987142857143,357.974285714286,2005-12-07,"6059"
"15",27.403677557428,179.414489795918,358.828979591837,2005-12-17,"6059"
"16",28.814593226949,180.625306122449,361.250612244898,2005-12-27,"6059"
"17",30.830187040551,182.121020408163,364.242040816326,2006-01-06,"6059"
"18",32.241102710072,179.91306122449,359.82612244898,2006-01-16,"6059"
"19",33.652018379594,178.844693877551,357.689387755102,2006-01-26,"6059"
"20",35.062934049115,177.847551020408,355.695102040816,2006-02-04,"6059"
"21",37.078527862717,176.351836734694,352.703673469388,2006-02-14,"6059"
"22",38.489443532238,175.568367346939,351.136734693878,2006-02-24,"6059"
"23",39.900359201759,174.927346938775,349.854693877551,2006-03-06,"6059"
"24",41.311274871281,176.209387755102,352.418775510204,2006-03-16,"6059"
"25",42.722190540802,175.924489795918,351.848979591837,2006-03-26,"6059"
"26",44.133106210323,177.420204081633,354.840408163265,2006-04-05,"6059"
"27",45.544021879844,181.12387755102,362.247755102041,2006-04-15,"6059"
"28",46.954937549366,181.195102040816,362.390204081633,2006-04-25,"6059"
"29",48.970531362967,177.420204081633,354.840408163265,2006-05-05,"6059"
"30",50.389845340045,178.132448979592,356.264897959184,2006-05-14,"6059"
"31",53.211676679088,174.14387755102,348.287755102041,2006-05-24,"6059"
"32",55.02571111133,174.215102040816,348.430204081633,2006-06-03,"6059"
"33",56.436626780851,175.141020408163,350.282040816327,2006-06-13,"6059"
"34",57.847542450372,169.727959183673,339.455918367347,2006-06-23,"6059"
"35",59.258458119893,165.098367346939,330.196734693877,2006-07-03,"6059"
"36",61.274051933495,162.819183673469,325.638367346939,2006-07-13,"6059"
"37",62.684967603017,163.388979591837,326.777959183673,2006-07-23,"6059"
"38",64.095883272538,172.078367346939,344.156734693878,2006-08-02,"6059"
"39",65.506798942059,178.559795918367,357.119591836735,2006-08-11,"6059"
"40",67.320833374301,182.833265306122,365.666530612245,2006-08-21,"6059"
"41",68.731749043822,185.32612244898,370.652244897959,2006-08-31,"6059"
"42",70.142664713343,183.04693877551,366.09387755102,2006-09-10,"6059"
"43",71.553580382865,184.328979591837,368.657959183673,2006-09-20,"6059"
"44",73.569174196466,185.041224489796,370.082448979592,2006-09-30,"6059"
"45",74.980089865988,185.468571428571,370.937142857143,2006-10-10,"6059"
"46",76.391005535509,181.622448979592,363.244897959184,2006-10-20,"6059"
"47",77.80192120503,181.12387755102,362.247755102041,2006-10-30,"6059"
"48",79.817515018632,184.827551020408,369.655102040816,2006-11-08,"6059"
"49",81.228430688153,186.750612244898,373.501224489796,2006-11-18,"6059"
"50",82.639346357674,185.183673469388,370.367346938776,2006-11-28,"6059"
"51",84.050262027196,184.400204081633,368.800408163265,2006-12-08,"6059"
"52",85.864296459437,180.767755102041,361.535510204082,2006-12-18,"6059"
"53",87.266813821402,176.06693877551,352.13387755102,2006-12-28,"6059"
"54",88.677729490923,173.645306122449,347.290612244898,2007-01-07,"6059"
"55",90.088645160445,171.437346938775,342.874693877551,2007-01-17,"6059"
"56",92.104238974046,171.081224489796,342.162448979592,2007-01-27,"6059"
"57",93.515154643568,173.075510204082,346.151020408163,2007-02-06,"6059"
"58",94.926070313089,175.141020408163,350.282040816327,2007-02-15,"6059"
"59",96.33698598261,182.121020408163,364.242040816326,2007-02-25,"6059"
"60",98.151020414852,182.121020408163,364.242040816326,2007-03-07,"6059"
"61",99.561936084373,183.616734693878,367.233469387755,2007-03-17,"6059"
"62",100.97285175389,187.106734693878,374.213469387755,2007-03-27,"6059"
"63",102.38376742342,199.143673469388,400.293211162016,2007-04-06,"6059"
"64",104.39936123702,199.001224489796,400.002498958767,2007-04-16,"6059"
"65",105.81027690654,195.582448979592,391.164897959184,2007-04-26,"6059"
"66",107.22119257606,190.311836734694,380.623673469388,2007-05-06,"6059"
"67",108.63210824558,191.95,383.9,2007-05-15,"6059"
"68",110.64770205918,192.733469387755,385.46693877551,2007-05-25,"6059"
"69",112.0586177287,191.522653061225,383.045306122449,2007-06-04,"6059"
"70",113.46953339823,186.821836734694,373.643673469388,2007-06-14,"6059"
"71",114.88044906775,187.747755102041,375.495510204082,2007-06-24,"6059"
"72",116.29136473727,183.616734693878,367.233469387755,2007-07-04,"6059"
"73",117.70228040679,179.343265306122,358.686530612245,2007-07-14,"6059"
"74",119.11319607631,175.425918367347,350.851836734694,2007-07-24,"6059"
"75",120.52411174583,178.773469387755,357.54693877551,2007-08-03,"6059"
"76",122.53970555943,181.622448979592,363.244897959184,2007-08-13,"6059"
"77",123.95901953651,189.670816326531,379.341632653061,2007-08-22,"6059"
"78",125.36993520603,181.337551020408,362.675102040816,2007-09-01,"6059"
"79",126.78085087555,182.477142857143,364.954285714286,2007-09-11,"6059"
"80",128.5948853078,183.04693877551,366.09387755102,2007-09-21,"6059"
"81",130.00580097732,177.99,355.98,2007-10-01,"6059"
"82",131.41671664684,175.497142857143,350.994285714286,2007-10-11,"6059"
"83",132.82763231636,178.844693877551,357.689387755102,2007-10-21,"6059"
"84",134.84322612996,181.195102040816,362.390204081633,2007-10-31,"6059"
"85",136.25414179948,184.186530612245,368.37306122449,2007-11-10,"6059"
"86",137.665057469,182.121020408163,364.242040816326,2007-11-19,"6059"
"87",139.07597313853,182.833265306122,365.666530612245,2007-11-29,"6059"
"88",140.89000757077,183.189387755102,366.378775510204,2007-12-09,"6059"
"89",142.30092324029,185.895918367347,371.791836734694,2007-12-19,"6059"
"90",143.71183890981,187.249183673469,374.498367346939,2007-12-29,"6059"
"91",145.12275457933,187.462857142857,374.925714285714,2008-01-08,"6059"
"92",147.13834839293,185.539795918367,371.079591836735,2008-01-18,"6059"
"93",148.54926406245,183.687959183673,367.375918367347,2008-01-28,"6059"
"94",149.96017973198,182.904489795918,365.808979591837,2008-02-07,"6059"
"95",151.3710954015,183.260612244898,366.521224489796,2008-02-16,"6059"
"96",153.3866892151,181.83612244898,363.672244897959,2008-02-26,"6059"
"97",154.79760488462,184.756326530612,369.512653061224,2008-03-07,"6059"
"98",156.20852055414,195.79612244898,391.592244897959,2008-03-17,"6059"
"99",157.61943622366,197.790408163265,395.580816326531,2008-03-27,"6059"
"100",159.4334706559,202.277551020408,406.688879633486,2008-04-06,"6059"
"101",160.83598801787,198.57387755102,397.147755102041,2008-04-16,"6059"
"102",162.24690368739,199.571020408163,401.165347771762,2008-04-26,"6059"
"103",163.65781935691,194.086734693878,388.173469387755,2008-05-06,"6059"
"104",165.67341317051,188.81612244898,377.632244897959,2008-05-16,"6059"
"105",167.08432884003,190.311836734694,380.623673469388,2008-05-25,"6059"
"106",168.49524450956,192.519795918367,385.039591836735,2008-06-04,"6059"
"107",169.90616017908,197.932857142857,395.865714285714,2008-06-14,"6059"
"108",171.72019461132,200.639387755102,403.345689296127,2008-06-24,"6059"
"109",173.13111028084,197.434285714286,394.868571428571,2008-07-04,"6059"
"110",174.54202595036,200.354489795918,402.764264889629,2008-07-14,"6059"
"111",175.95294161988,198.502653061224,397.005306122449,2008-07-24,"6059"
"112",177.96853543348,200.924285714286,403.927113702624,2008-08-03,"6059"
"113",179.37945110301,200.354489795918,402.764264889629,2008-08-13,"6059"
"114",180.79036677253,195.79612244898,391.592244897959,2008-08-22,"6059"
"115",182.20128244205,199.28612244898,400.583923365264,2008-09-01,"6059"
"116",184.21687625565,199.927142857143,401.892128279883,2008-09-11,"6059"
"117",185.62779192517,195.226326530612,390.452653061225,2008-09-21,"6059"
"118",187.03870759469,193.730612244898,387.461224489796,2008-10-01,"6059"
"119",188.44962326421,191.95,383.9,2008-10-11,"6059"
"120",190.06209831509,192.662244897959,385.324489795918,2008-10-21,"6059"
"121",191.47301398462,202.847346938776,407.851728446481,2008-10-31,"6059"
"122",192.88392965414,201.921428571429,405.962099125364,2008-11-10,"6059"
"123",194.29484532366,201.921428571429,405.962099125364,2008-11-20,"6059"
"124",196.31043913726,212.961224489796,428.492294877134,2008-11-29,"6059"
"125",197.72975311434,216.664897959184,436.050812161599,2008-12-09,"6059"
"126",199.14066878386,218.944081632653,440.702207413578,2008-12-19,"6059"
"127",200.55158445338,224.642040816327,452.330695543524,2008-12-29,"6059"
"128",202.36561888562,230.268775510204,463.813827571845,2009-01-08,"6059"
"129",203.77653455514,220.724693877551,444.336109954186,2009-01-18,"6059"
"130",205.18745022466,210.254693877551,422.96876301541,2009-01-28,"6059"
"131",206.59836589419,212.035306122449,426.602665556018,2009-02-07,"6059"
"132",208.61395970779,209.471224489796,421.369845897543,2009-02-17,"6059"
"133",210.02487537731,215.026734693878,432.70762182424,2009-02-26,"6059"
"134",211.43579104683,214.884285714286,432.416909620991,2009-03-08,"6059"
"135",212.84670671635,221.864285714286,446.661807580175,2009-03-18,"6059"
"136",214.66074114859,218.018163265306,438.812578092461,2009-03-28,"6059"
"137",216.07165681811,216.38,435.469387755102,2009-04-07,"6059"
"138",217.48257248764,221.152040816327,445.208246563932,2009-04-17,"6059"
"139",218.89348815716,217.092244897959,436.922948771345,2009-04-27,"6059"
"140",220.90908197076,217.733265306122,438.231153685964,2009-05-07,"6059"
"141",222.31999764028,221.864285714286,446.661807580175,2009-05-17,"6059"
"142",223.7309133098,222.576530612245,448.115368596418,2009-05-26,"6059"
"143",225.14182897932,223.644897959184,450.295710120783,2009-06-05,"6059"
"144",227.15742279292,222.006734693878,446.952519783424,2009-06-15,"6059"
"145",228.56833846245,233.47387755102,470.35485214494,2009-06-25,"6059"
"146",229.97925413197,234.898367346939,473.261974177426,2009-07-05,"6059"
"147",231.39016980149,228.345714285714,459.889212827988,2009-07-15,"6059"
"148",233.20420423373,216.095102040816,434.887963348605,2009-07-25,"6059"
"149",234.60672159569,222.505306122449,447.970012494794,2009-08-04,"6059"
"150",236.01763726522,226.778775510204,456.691378592253,2009-08-14,"6059"
"151",237.42855293474,232.476734693878,468.319866722199,2009-08-24,"6059"
"152",239.44414674834,233.616326530612,470.645564348188,2009-09-02,"6059"
"153",240.85506241786,248.217346938775,500.443565181174,2009-09-12,"6059"
"154",242.26597808738,237.889795918367,479.366930445648,2009-09-22,"6059"
"155",243.6768937569,234.827142857143,473.116618075802,2009-10-02,"6059"
"156",245.49092818914,237.961020408163,479.512286547272,2009-10-12,"6059"
"157",246.90184385867,233.83,471.081632653061,2009-10-22,"6059"
"158",248.31275952819,235.254489795918,473.988754685548,2009-11-01,"6059"
"159",249.72367519771,235.610612244898,474.715535193669,2009-11-11,"6059"
"160",251.73926901131,234.684693877551,472.825905872553,2009-11-21,"6059"
"161",253.15018468083,220.154897959184,443.173261141191,2009-11-30,"6059"
"162",254.56110035035,222.006734693878,446.952519783424,2009-12-10,"6059"
"163",255.97201601987,234.18612244898,471.808413161183,2009-12-20,"6059"
"164",257.98760983348,227.491020408163,458.144939608496,2009-12-30,"6059"
"165",259.398525503,234.755918367347,472.971261974177,2010-01-09,"6059"
"166",260.80944117252,229.129183673469,461.488129945856,2010-01-19,"6059"
"167",262.22035684204,232.476734693878,468.319866722199,2010-01-29,"6059"
"168",263.63127251156,226.208979591837,455.528529779259,2010-02-08,"6059"
"169",265.04218818108,232.049387755102,467.447730112453,2010-02-18,"6059"
"170",266.4531038506,232.334285714286,468.02915451895,2010-02-27,"6059"
"171",267.86401952012,232.476734693878,468.319866722199,2010-03-09,"6059"
"172",269.87961333373,234.328571428571,472.099125364431,2010-03-19,"6059"
"173",271.2989273108,226.422653061224,455.964598084132,2010-03-29,"6059"
"174",272.70984298033,244.65612244898,493.175760099958,2010-04-08,"6059"
"175",274.12075864985,249.499387755102,500.998775510204,2010-04-18,"6059"
"176",275.93479308209,254.556326530612,511.112653061224,2010-04-28,"6059"
"177",277.34570875161,258.544897959184,519.089795918367,2010-05-08,"6059"
"178",278.75662442113,252.84693877551,507.69387755102,2010-05-18,"6059"
"179",280.16754009065,243.730204081633,491.286130778842,2010-05-28,"6059"
"180",282.18313390425,233.331428571429,470.064139941691,2010-06-06,"6059"
"181",283.59404957378,228.844285714286,460.906705539359,2010-06-16,"6059"
"182",285.0049652433,228.345714285714,459.889212827988,2010-06-26,"6059"
"183",286.41588091282,238.673265306122,480.965847563515,2010-07-06,"6059"
"184",288.22991534506,235.539387755102,474.570179092045,2010-07-16,"6059"
"185",289.64083101458,234.755918367347,472.971261974177,2010-07-26,"6059"
"186",291.0517466841,238.388367346939,480.384423157018,2010-08-05,"6059"
"187",292.46266235362,240.382653061224,484.454394002499,2010-08-15,"6059"
"188",294.47825616723,241.949591836735,487.652228238234,2010-08-25,"6059"
"189",295.88917183675,242.73306122449,489.251145356102,2010-09-03,"6059"
"190",297.30008750627,241.593469387755,486.925447730112,2010-09-13,"6059"
"191",298.71100317579,237.533673469388,478.640149937526,2010-09-23,"6059"
"192",300.72659698939,240.168979591837,484.018325697626,2010-10-03,"6059"
"193",302.13751265891,241.094897959184,485.907955018742,2010-10-13,"6059"
"194",303.54842832843,236.109183673469,475.73302790504,2010-10-23,"6059"
"195",304.95934399795,234.471020408163,472.38983756768,2010-11-02,"6059"
"196",306.7733784302,225.781632653061,454.656393169513,2010-11-12,"6059"
"197",308.17589579216,224.92693877551,452.912119950021,2010-11-22,"6059"
"198",309.58681146168,234.755918367347,472.971261974177,2010-12-02,"6059"
"199",310.9977271312,233.83,471.081632653061,2010-12-11,"6059"
"200",313.01332094481,230.69612244898,464.685964181591,2010-12-21,"6059"
"201",314.42423661433,229.200408163265,461.63348604748,2010-12-31,"6059"
"202",315.83515228385,234.684693877551,472.825905872553,2011-01-10,"6059"
"203",317.24606795337,229.414081632653,462.069554352353,2011-01-20,"6059"
"204",319.06010238561,224.998163265306,453.057476051645,2011-01-30,"6059"
"205",320.47101805513,222.790204081633,448.551436901291,2011-02-09,"6059"
"206",321.88193372465,224.285918367347,451.603915035402,2011-02-19,"6059"
"207",323.29284939417,224.357142857143,451.749271137026,2011-03-01,"6059"
"208",325.30844320778,219.941224489796,442.737192836318,2011-03-10,"6059"
"209",326.7193588773,220.724693877551,444.336109954186,2011-03-20,"6059"
"210",328.13027454682,222.434081632653,447.824656393169,2011-03-30,"6059"
"211",329.54119021634,224.713265306122,452.476051645148,2011-04-09,"6059"
"212",331.55678402994,225.852857142857,454.801749271137,2011-04-19,"6059"
"213",332.96769969946,225.425510204082,453.929612661391,2011-04-29,"6059"
"214",334.37861536898,229.698979591837,462.65097875885,2011-05-09,"6059"
"215",335.78953103851,229.271632653061,461.778842149104,2011-05-19,"6059"
"216",337.20044670803,229.342857142857,461.924198250729,2011-05-29,"6059"
"217",338.61136237755,225.995306122449,455.092461474386,2011-06-07,"6059"
"218",340.02227804707,223.288775510204,449.568929612661,2011-06-17,"6059"
"219",341.43319371659,221.935510204082,446.807163681799,2011-06-27,"6059"
"220",343.44878753019,221.223265306122,445.353602665556,2011-07-07,"6059"
"221",344.86810150727,218.018163265306,438.812578092461,2011-07-17,"6059"
"222",346.27901717679,217.092244897959,436.922948771345,2011-07-27,"6059"
"223",347.68993284631,215.596530612245,433.870470637235,2011-08-06,"6059"
"224",349.50396727856,215.169183673469,432.998334027489,2011-08-16,"6059"
"225",350.91488294808,214.243265306122,431.108704706372,2011-08-26,"6059"
"226",352.3257986176,211.964081632653,426.457309454394,2011-09-05,"6059"
"227",353.73671428712,211.607959183673,425.730528946272,2011-09-14,"6059"
"228",355.75230810072,210.682040816327,423.840899625156,2011-09-24,"6059"
"229",357.16322377024,210.183469387755,422.823406913786,2011-10-04,"6059"
"230",358.57413943976,213.531020408163,429.655143690129,2011-10-14,"6059"
"231",359.98505510928,218.445510204082,439.684714702207,2011-10-24,"6059"
"232",361.79908954153,220.938367346939,444.772178259059,2011-11-03,"6059"
"233",363.21000521105,222.220408163265,447.388588088297,2011-11-13,"6059"
"234",364.62092088057,226.351428571429,455.819241982507,2011-11-23,"6059"
"235",366.03183655009,231.265918367347,465.848812994586,2011-12-03,"6059"
"236",368.04743036369,229.129183673469,461.488129945856,2011-12-12,"6059"
"237",369.45834603321,228.345714285714,459.889212827988,2011-12-22,"6059"
"238",370.86926170273,224.499591836735,452.039983340275,2012-01-01,"6059"
"239",372.28017737226,225.28306122449,453.638900458142,2012-01-11,"6059"
"240",374.29577118586,219.727551020408,442.301124531445,2012-01-21,"6059"
"241",375.70668685538,221.650612244898,446.225739275302,2012-01-31,"6059"
"242",377.1176025249,223.146326530612,449.278217409413,2012-02-10,"6059"
"243",378.52851819442,222.505306122449,447.970012494794,2012-02-20,"6059"
"244",380.34255262666,222.505306122449,447.970012494794,2012-03-01,"6059"
"245",381.74506998863,223.217551020408,449.423573511037,2012-03-11,"6059"
"246",383.15598565815,223.573673469388,450.150354019159,2012-03-20,"6059"
"247",384.56690132767,224.001020408163,451.022490628905,2012-03-30,"6059"
"248",386.58249514127,221.152040816327,445.208246563932,2012-04-09,"6059"
"249",387.99341081079,219.442653061225,441.719700124948,2012-04-19,"6059"
"250",389.40432648031,216.73612244898,436.196168263224,2012-04-29,"6059"
"251",390.81524214984,216.166326530612,435.033319450229,2012-05-09,"6059"
"252",392.62927658208,215.881428571429,434.451895043732,2012-05-19,"6059"
"253",394.0401922516,218.231836734694,439.248646397334,2012-05-29,"6059"
"254",395.45110792112,217.590816326531,437.940441482716,2012-06-08,"6059"
"255",396.86202359064,218.801632653061,440.411495210329,2012-06-17,"6059"
"256",398.87761740424,220.368571428571,443.609329446064,2012-06-27,"6059"
"257",400.28853307376,216.949795918367,436.632236568097,2012-07-07,"6059"
"258",401.69944874329,214.884285714286,432.416909620991,2012-07-17,"6059"
"259",403.11036441281,213.032448979592,428.637650978759,2012-07-27,"6059"
"260",405.12595822641,213.602244897959,429.800499791753,2012-08-06,"6059"
"261",406.53687389593,213.815918367347,430.236568096626,2012-08-16,"6059"
"262",407.94778956545,213.958367346939,430.527280299875,2012-08-26,"6059"
"263",409.35870523497,214.029591836735,430.672636401499,2012-09-05,"6059"
"264",410.76962090449,214.100816326531,430.817992503124,2012-09-14,"6059"
"265",412.18053657401,213.388571428571,429.36443148688,2012-09-24,"6059"
"266",413.59145224354,216.522448979592,435.760099958351,2012-10-04,"6059"
"267",415.00236791306,219.015306122449,440.847563515202,2012-10-14,"6059"
"268",417.01796172666,215.810204081633,434.306538942107,2012-10-24,"6059"
"269",418.43727570374,217.804489795918,438.376509787588,2012-11-03,"6059"
"270",419.84819137326,215.952653061225,434.597251145356,2012-11-13,"6059"
"271",421.25910704278,215.026734693878,432.70762182424,2012-11-23,"6059"
"272",423.07314147502,214.599387755102,431.835485214494,2012-12-03,"6059"
"273",424.48405714454,214.314489795918,431.254060807997,2012-12-13,"6059"
"274",425.89497281406,213.531020408163,429.655143690129,2012-12-22,"6059"
"275",427.30588848359,208.830204081633,420.061640982924,2013-01-01,"6059"
"276",429.32148229719,204.699183673469,411.630987088713,2013-01-11,"6059"
"277",430.73239796671,200.924285714286,403.927113702624,2013-01-21,"6059"
"278",432.14331363623,198.288979591837,396.577959183673,2013-01-31,"6059"
"279",433.55422930575,199.143673469388,400.293211162016,2013-02-10,"6059"
"280",435.36826373799,201.351632653061,404.79925031237,2013-02-20,"6059"
"281",436.77917940751,198.93,397.86,2013-03-02,"6059"
"282",438.19009507704,199.001224489796,400.002498958767,2013-03-12,"6059"
"283",439.60101074656,195.582448979592,391.164897959184,2013-03-21,"6059"
"284",441.61660456016,194.585306122449,389.170612244898,2013-03-31,"6059"
"285",443.02752022968,195.79612244898,391.592244897959,2013-04-10,"6059"
"286",444.4384358992,197.861632653061,395.723265306122,2013-04-20,"6059"
"287",445.84935156872,196.722040816327,393.444081632653,2013-04-30,"6059"
"288",447.86494538232,197.932857142857,395.865714285714,2013-05-10,"6059"
"289",449.27586105185,196.793265306122,393.586530612245,2013-05-20,"6059"
"290",450.68677672137,194.442857142857,388.885714285714,2013-05-30,"6059"
"291",452.09769239089,193.303265306122,386.606530612245,2013-06-09,"6059"
"292",453.91172682313,192.662244897959,385.324489795918,2013-06-18,"6059"
"293",455.31424418509,192.377346938776,384.754693877551,2013-06-28,"6059"
"294",456.72515985462,192.234897959184,384.469795918367,2013-07-08,"6059"
"295",458.13607552414,192.163673469388,384.327346938775,2013-07-18,"6059"
"296",460.15166933774,192.875918367347,385.751836734694,2013-07-28,"6059"
"297",461.56258500726,193.232040816327,386.464081632653,2013-08-07,"6059"
"298",462.97350067678,193.018367346939,386.036734693878,2013-08-17,"6059"
"299",464.3844163463,191.166530612245,382.33306122449,2013-08-27,"6059"
"300",466.19845077854,189.884489795918,379.768979591837,2013-09-06,"6059"
"301",467.60936644806,189.742040816326,379.484081632653,2013-09-16,"6059"
"302",469.02028211759,189.172244897959,378.344489795918,2013-09-25,"6059"
"303",470.43119778711,187.605306122449,375.210612244898,2013-10-05,"6059"
"304",472.44679160071,188.10387755102,376.207755102041,2013-10-15,"6059"
"305",473.85770727023,193.445714285714,386.891428571429,2013-10-25,"6059"
"306",475.26862293975,193.51693877551,387.03387755102,2013-11-04,"6059"
"307",476.67953860927,195.297551020408,390.595102040816,2013-11-14,"6059"
"308",478.69513242287,197.078163265306,394.156326530612,2013-11-24,"6059"
"309",480.1060480924,193.730612244898,387.461224489796,2013-12-04,"6059"
"310",481.51696376192,189.385918367347,378.771836734694,2013-12-14,"6059"
"311",482.92787943144,187.177959183673,374.355918367347,2013-12-23,"6059"
"312",484.54035448232,186.109591836735,372.219183673469,2014-01-02,"6059"
"313",485.95127015184,185.611020408163,371.222040816327,2014-01-12,"6059"
"314",487.36218582136,185.32612244898,370.652244897959,2014-01-22,"6059"
"315",488.77310149088,185.183673469388,370.367346938776,2014-02-01,"6059"
"316",490.78869530449,185.112448979592,370.224897959184,2014-02-11,"6059"
"317",492.20800928156,185.397346938776,370.794693877551,2014-02-21,"6059"
"318",493.61892495109,186.252040816326,372.504081632653,2014-03-03,"6059"
"319",495.02984062061,185.967142857143,371.934285714286,2014-03-13,"6059"
"320",496.84387505285,187.605306122449,375.210612244898,2014-03-23,"6059"
"321",498.25479072237,190.169387755102,380.338775510204,2014-04-01,"6059"
"322",499.66570639189,193.160816326531,386.321632653061,2014-04-11,"6059"
"323",501.07662206141,195.724897959184,391.449795918367,2014-04-21,"6059"
"324",503.09221587501,197.790408163265,395.580816326531,2014-05-01,"6059"
"325",504.50313154453,193.445714285714,386.891428571429,2014-05-11,"6059"
"326",505.91404721406,191.665102040816,383.330204081633,2014-05-21,"6059"
"327",507.32496288358,190.454285714286,380.908571428571,2014-05-31,"6059"
"328",509.13899731582,186.608163265306,373.216326530612,2014-06-10,"6059"
"329",510.54991298534,187.035510204082,374.071020408163,2014-06-20,"6059"
"330",511.96082865486,186.323265306122,372.646530612245,2014-06-29,"6059"
"331",513.37174432438,184.257755102041,368.515510204082,2014-07-09,"6059"
"332",515.38733813798,182.833265306122,365.666530612245,2014-07-19,"6059"
"333",516.79825380751,181.764897959184,363.529795918367,2014-07-29,"6059"
"334",518.20916947703,179.414489795918,358.828979591837,2014-08-08,"6059"
"335",519.62008514655,178.274897959184,356.549795918367,2014-08-18,"6059"
"336",521.63567896015,177.562653061225,355.125306122449,2014-08-28,"6059"
"337",523.04659462967,179.841836734694,359.683673469388,2014-09-07,"6059"
"338",524.45751029919,176.707959183673,353.415918367347,2014-09-17,"6059"
"339",525.86842596871,176.921632653061,353.843265306122,2014-09-26,"6059"
"340",527.68246040096,177.064081632653,354.128163265306,2014-10-06,"6059"
"341",529.08497776292,177.064081632653,354.128163265306,2014-10-16,"6059"
"342",530.49589343244,178.915918367347,357.831836734694,2014-10-26,"6059"
"343",531.90680910196,179.770612244898,359.541224489796,2014-11-05,"6059"
"344",533.92240291556,177.705102040816,355.410204081633,2014-11-15,"6059"
"345",535.33331858509,174.215102040816,348.430204081633,2014-11-25,"6059"
"346",536.74423425461,172.434489795918,344.868979591837,2014-12-05,"6059"
"347",538.15514992413,171.579795918367,343.159591836735,2014-12-15,"6059"
"348",539.96918435637,171.152448979592,342.304897959184,2014-12-25,"6059"
"349",541.38010002589,170.938775510204,341.877551020408,2015-01-03,"6059"
"350",542.79101569541,169.015714285714,338.031428571428,2015-01-13,"6059"
"351",544.20193136493,169.514285714286,339.028571428571,2015-01-23,"6059"
"352",546.21752517854,167.947346938775,335.894693877551,2015-02-02,"6059"
"353",547.62844084806,167.235102040816,334.470204081633,2015-02-12,"6059"
"354",549.03935651758,167.947346938775,335.894693877551,2015-02-22,"6059"
"355",550.4502721871,167.52,335.04,2015-03-04,"6059"
"356",552.4658660007,165.59693877551,331.19387755102,2015-03-14,"6059"
"357",553.87678167022,167.092653061224,334.185306122449,2015-03-24,"6059"
"358",555.28769733974,166.095510204082,332.191020408163,2015-04-02,"6059"
"359",556.69861300927,166.665306122449,333.330612244898,2015-04-12,"6059"
"360",558.10952867879,166.878979591837,333.757959183673,2015-04-22,"6059"
"361",559.52044434831,167.804897959184,335.609795918367,2015-05-02,"6059"
"362",560.93136001783,167.448775510204,334.897551020408,2015-05-12,"6059"
"363",562.34227568735,168.018571428571,336.037142857143,2015-05-22,"6059"
"364",564.35786950095,168.374693877551,336.749387755102,2015-06-01,"6059"
"365",565.77718347803,167.733673469388,335.467346938776,2015-06-11,"6059"
"366",567.18809914755,167.448775510204,334.897551020408,2015-06-21,"6059"
"367",568.59901481707,166.451632653061,332.903265306122,2015-07-01,"6059"
"368",570.41304924931,166.807755102041,333.615510204082,2015-07-10,"6059"
"369",571.82396491884,167.021428571429,334.042857142857,2015-07-20,"6059"
"370",573.23488058836,166.736530612245,333.47306122449,2015-07-30,"6059"
"371",574.64579625788,169.229387755102,338.458775510204,2015-08-09,"6059"
"372",576.66139007148,171.36612244898,342.732244897959,2015-08-19,"6059"
"373",578.072305741,168.873265306122,337.746530612245,2015-08-29,"6059"
"374",579.48322141052,172.57693877551,345.15387755102,2015-09-08,"6059"
"375",580.89413708004,169.158163265306,338.316326530612,2015-09-18,"6059"
"376",582.70817151229,167.448775510204,334.897551020408,2015-09-28,"6059"
"377",584.11908718181,169.229387755102,338.458775510204,2015-10-07,"6059"
"378",585.53000285133,171.01,342.02,2015-10-17,"6059"
"379",586.94091852085,172.648163265306,345.296326530612,2015-10-27,"6059"
"380",588.95651233445,173.431632653061,346.863265306122,2015-11-06,"6059"
"381",590.36742800397,173.858979591837,347.717959183673,2015-11-16,"6059"
"382",591.77834367349,174.001428571429,348.002857142857,2015-11-26,"6059"
"383",593.18925934301,174.14387755102,348.287755102041,2015-12-06,"6059"
"384",595.20485315662,174.927346938775,349.854693877551,2015-12-16,"6059"
"385",596.61576882614,171.01,342.02,2015-12-26,"6059"
"386",598.02668449566,169.08693877551,338.17387755102,2016-01-04,"6059"
"387",599.43760016518,168.161020408163,336.322040816327,2016-01-14,"6059"
"388",601.25163459742,167.662448979592,335.324897959184,2016-01-24,"6059"
"389",602.65415195939,164.742244897959,329.484489795918,2016-02-03,"6059"
"390",604.06506762891,162.46306122449,324.92612244898,2016-02-13,"6059"
"391",605.47598329843,161.252244897959,322.504489795918,2016-02-23,"6059"
"392",607.49157711203,162.46306122449,324.92612244898,2016-03-04,"6059"
"393",608.90249278155,163.032857142857,326.065714285714,2016-03-14,"6059"
"394",610.31340845107,161.608367346939,323.216734693878,2016-03-24,"6059"
"395",611.72432412059,160.824897959184,321.649795918367,2016-04-03,"6059"
"396",613.53835855284,160.468775510204,320.937551020408,2016-04-12,"6059"
"397",614.94927422236,159.542857142857,319.085714285714,2016-04-22,"6059"
"398",616.36018989188,159.471632653061,318.943265306122,2016-05-02,"6059"
"399",617.7711055614,160.112653061224,320.225306122449,2016-05-12,"6059"
"400",619.786699375,160.397551020408,320.795102040816,2016-05-22,"6059"
"401",621.19761504452,163.816326530612,327.632653061224,2016-06-01,"6059"
"402",622.60853071404,164.03,328.06,2016-06-11,"6059"
"403",624.01944638357,164.172448979592,328.344897959184,2016-06-21,"6059"
"404",626.03504019717,164.172448979592,328.344897959184,2016-07-01,"6059"
"405",627.44595586669,162.46306122449,324.92612244898,2016-07-10,"6059"
"406",628.85687153621,159.827755102041,319.655510204082,2016-07-20,"6059"
"407",630.26778720573,158.545714285714,317.091428571429,2016-07-30,"6059"
"408",631.67870287525,158.759387755102,317.518775510204,2016-08-09,"6059"
"409",633.08961854477,160.468775510204,320.937551020408,2016-08-19,"6059"
"410",634.5005342143,160.611224489796,321.222448979592,2016-08-29,"6059"
"411",635.91144988382,160.682448979592,321.364897959184,2016-09-08,"6059"
"412",637.92704369742,162.46306122449,324.92612244898,2016-09-18,"6059"
"413",639.3463576745,165.098367346939,330.196734693877,2016-09-28,"6059"
"414",640.75727334402,168.303469387755,336.60693877551,2016-10-07,"6059"
"415",642.16818901354,169.799183673469,339.598367346939,2016-10-17,"6059"
"416",643.98222344578,175.568367346939,351.136734693878,2016-10-27,"6059"
"417",645.3931391153,174.286326530612,348.572653061224,2016-11-06,"6059"
"418",646.80405478482,175.141020408163,350.282040816327,2016-11-16,"6059"
"419",648.21497045434,172.93306122449,345.86612244898,2016-11-26,"6059"
"420",650.23056426795,170.368979591837,340.737959183673,2016-12-06,"6059"
"421",651.64147993747,168.730816326531,337.461632653061,2016-12-16,"6059"
"422",653.05239560699,169.371836734694,338.743673469388,2016-12-26,"6059"
"423",654.46331127651,171.081224489796,342.162448979592,2017-01-05,"6059"
"424",656.27734570875,171.223673469388,342.447346938776,2017-01-14,"6059"
"425",657.68826137827,173.716530612245,347.43306122449,2017-01-24,"6059"
"426",659.09917704779,174.14387755102,348.287755102041,2017-02-03,"6059"
"427",660.51009271732,173.574081632653,347.148163265306,2017-02-13,"6059"
"428",662.52568653092,174.215102040816,348.430204081633,2017-02-23,"6059"
"429",663.93660220044,176.850408163265,353.700816326531,2017-03-05,"6059"
"430",665.34751786996,177.348979591837,354.697959183673,2017-03-15,"6059"
"431",666.75843353948,176.636734693878,353.273469387755,2017-03-25,"6059"
"432",668.77402735308,175.425918367347,350.851836734694,2017-04-04,"6059"
"433",670.1849430226,174.072653061225,348.145306122449,2017-04-13,"6059"
"434",671.59585869213,172.007142857143,344.014285714286,2017-04-23,"6059"
"435",673.00677436165,168.517142857143,337.034285714286,2017-05-03,"6059"
"436",674.82080879389,166.736530612245,333.47306122449,2017-05-13,"6059"
"437",676.22332615585,167.235102040816,334.470204081633,2017-05-23,"6059"
"438",677.63424182537,168.588367346939,337.176734693878,2017-06-02,"6059"
"439",679.0451574949,171.935918367347,343.871836734694,2017-06-12,"6059"
"440",681.0607513085,170.938775510204,341.877551020408,2017-06-22,"6059"
"441",682.47166697802,169.08693877551,338.17387755102,2017-07-02,"6059"
"442",683.88258264754,168.089795918367,336.179591836735,2017-07-12,"6059"
"443",685.29349831706,167.662448979592,335.324897959184,2017-07-21,"6059"
"444",687.1075327493,170.938775510204,341.877551020408,2017-07-31,"6059"
"445",688.51844841882,173.431632653061,346.863265306122,2017-08-10,"6059"
"446",689.92936408835,174.357551020408,348.715102040816,2017-08-20,"6059"
"447",691.34027975787,174.784897959184,349.569795918367,2017-08-30,"6059"
"448",693.35587357147,175.069795918367,350.139591836735,2017-09-09,"6059"
"449",694.76678924099,179.058367346939,358.116734693878,2017-09-19,"6059"
"450",696.17770491051,180.197959183673,360.395918367347,2017-09-29,"6059"
"451",697.58862058003,181.408775510204,362.817551020408,2017-10-09,"6059"
"452",699.60421439363,180.269183673469,360.538367346939,2017-10-18,"6059"
"453",701.01513006316,180.910204081633,361.820408163265,2017-10-28,"6059"
"454",702.42604573268,177.562653061225,355.125306122449,2017-11-07,"6059"
"455",703.8369614022,174.428775510204,348.857551020408,2017-11-17,"6059"
"456",705.24787707172,173.787755102041,347.575510204082,2017-11-27,"6059"
"457",706.65879274124,173.431632653061,346.863265306122,2017-12-07,"6059"
"458",708.06970841076,170.440204081633,340.880408163265,2017-12-17,"6059"
"459",709.48062408028,167.733673469388,335.467346938776,2017-12-27,"6059"
"460",711.49621789388,167.448775510204,334.897551020408,2018-01-06,"6059"
"461",712.91553187096,168.802040816327,337.604081632653,2018-01-15,"6059"
"462",714.32644754048,169.08693877551,338.17387755102,2018-01-25,"6059"
"463",715.73736321001,172.505714285714,345.011428571428,2018-02-04,"6059"
"464",717.55139764225,178.702244897959,357.404489795918,2018-02-14,"6059"
"465",718.96231331177,181.764897959184,363.529795918367,2018-02-24,"6059"
"466",720.37322898129,182.263469387755,364.52693877551,2018-03-06,"6059"
"467",721.78414465081,183.759183673469,367.518367346939,2018-03-16,"6059"
"468",723.79973846441,183.260612244898,366.521224489796,2018-03-26,"6059"
"469",725.21065413393,181.195102040816,362.390204081633,2018-04-05,"6059"
"470",726.62156980346,180.197959183673,360.395918367347,2018-04-15,"6059"
"471",728.03248547298,175.283469387755,350.56693877551,2018-04-24,"6059"
"472",729.84651990522,173.858979591837,347.717959183673,2018-05-04,"6059"
"473",731.25743557474,171.294897959184,342.589795918367,2018-05-14,"6059"
"474",732.66835124426,170.297755102041,340.595510204082,2018-05-24,"6059"
"475",734.07926691378,173.360408163265,346.720816326531,2018-06-03,"6059"
"476",736.09486072738,174.5,349,2018-06-13,"6059"
"477",737.5057763969,171.579795918367,343.159591836735,2018-06-23,"6059"
"478",738.91669206643,169.371836734694,338.743673469388,2018-07-03,"6059"
"479",740.32760773595,173.574081632653,347.148163265306,2018-07-13,"6059"
"480",742.34320154955,172.149591836735,344.299183673469,2018-07-22,"6059"
"481",743.75411721907,169.656734693878,339.313469387755,2018-08-01,"6059"
"482",745.16503288859,168.445918367347,336.891836734694,2018-08-11,"6059"
"483",746.57594855811,169.585510204082,339.171020408163,2018-08-21,"6059"
"484",748.38998299035,171.223673469388,342.447346938776,2018-08-31,"6059"
"485",749.79250035232,172.719387755102,345.438775510204,2018-09-10,"6059"
"486",751.20341602184,172.434489795918,344.868979591837,2018-09-20,"6059"
"487",752.61433169136,166.166734693878,332.333469387755,2018-09-30,"6059"
"488",754.62992550496,166.950204081633,333.900408163265,2018-10-10,"6059"
"489",756.04084117448,169.158163265306,338.316326530612,2018-10-20,"6059"
"490",757.45175684401,173.787755102041,347.575510204082,2018-10-29,"6059"
"491",758.86267251353,177.918775510204,355.837551020408,2018-11-08,"6059"
"492",760.67670694577,180.910204081633,361.820408163265,2018-11-18,"6059"
"493",762.08762261529,177.277755102041,354.555510204082,2018-11-28,"6059"
"494",763.49853828481,178.987142857143,357.974285714286,2018-12-08,"6059"
"495",764.90945395433,181.551224489796,363.102448979592,2018-12-18,"6059"
"496",766.92504776793,181.12387755102,362.247755102041,2018-12-28,"6059"
"497",768.33596343746,183.40306122449,366.80612244898,2019-01-07,"6059"
"498",769.74687910698,184.542653061224,369.085306122449,2019-01-17,"6059"
"499",771.1577947765,182.904489795918,365.808979591837,2019-01-26,"6059"
"500",773.1733885901,179.628163265306,359.256326530612,2019-02-05,"6059"
"501",774.58430425962,178.702244897959,357.404489795918,2019-02-15,"6059"
"502",775.99521992914,177.491428571429,354.982857142857,2019-02-25,"6059"
"503",777.40613559866,178.631020408163,357.262040816327,2019-03-07,"6059"
"504",779.01861064955,177.491428571429,354.982857142857,2019-03-17,"6059"
"505",780.42952631907,176.921632653061,353.843265306122,2019-03-27,"6059"
"506",781.84044198859,172.363265306122,344.726530612245,2019-04-06,"6059"
"507",783.25135765811,173.431632653061,346.863265306122,2019-04-16,"6059"
"508",785.26695147171,168.873265306122,337.746530612245,2019-04-25,"6059"
"509",786.68626544879,171.722244897959,343.444489795918,2019-05-05,"6059"
"510",788.09718111831,169.015714285714,338.031428571428,2019-05-15,"6059"
"511",789.50809678783,169.941632653061,339.883265306122,2019-05-25,"6059"
"512",791.32213122007,171.651020408163,343.302040816327,2019-06-04,"6059"
"513",792.73304688959,175.782040816327,351.564081632653,2019-06-14,"6059"
"514",794.14396255912,175.995714285714,351.991428571429,2019-06-24,"6059"
"515",795.55487822864,177.918775510204,355.837551020408,2019-07-04,"6059"
"516",797.57047204224,175.425918367347,350.851836734694,2019-07-14,"6059"
"517",798.98138771176,178.488571428571,356.977142857143,2019-07-24,"6059"
"518",800.39230338128,177.847551020408,355.695102040816,2019-08-02,"6059"
"519",801.8032190508,173.217959183673,346.435918367347,2019-08-12,"6059"
"520",803.61725348304,172.719387755102,345.438775510204,2019-08-22,"6059"
"521",805.02816915257,175.924489795918,351.848979591837,2019-09-01,"6059"
"522",806.43908482209,178.631020408163,357.262040816327,2019-09-11,"6059"
"523",807.85000049161,182.477142857143,364.954285714286,2019-09-21,"6059"
"524",809.86559430521,188.887346938776,377.774693877551,2019-10-01,"6059"
"525",811.27650997473,182.477142857143,364.954285714286,2019-10-11,"6059"
"526",812.68742564425,182.619591836735,365.239183673469,2019-10-21,"6059"
"527",814.09834131377,181.195102040816,362.390204081633,2019-10-30,"6059"
"528",816.11393512738,182.263469387755,364.52693877551,2019-11-09,"6059"
"529",817.5248507969,186.821836734694,373.643673469388,2019-11-19,"6059"
"530",818.93576646642,188.388775510204,376.777551020408,2019-11-29,"6059"
"531",820.34668213594,188.744897959184,377.489795918367,2019-12-09,"6059"
"532",822.16071656818,184.97,369.94,2019-12-19,"6059"
"533",823.56323393015,187.534081632653,375.068163265306,2019-12-29,"6059"
"534",824.97414959967,184.328979591837,368.657959183673,2020-01-08,"6059"
"535",826.38506526919,189.670816326531,379.341632653061,2020-01-18,"6059"
"536",828.40065908279,190.881632653061,381.763265306122,2020-01-27,"6059"
"537",829.81157475231,197.220612244898,394.441224489796,2020-02-06,"6059"
"538",831.22249042183,197.00693877551,394.01387755102,2020-02-16,"6059"
"539",832.63340609135,194.585306122449,389.170612244898,2020-02-26,"6059"
"540",834.4474405236,193.303265306122,386.606530612245,2020-03-07,"6059"
"541",835.85835619312,191.807551020408,383.615102040816,2020-03-17,"6059"
"542",837.26927186264,189.457142857143,378.914285714286,2020-03-27,"6059"
"543",838.68018753216,196.365918367347,392.731836734694,2020-04-06,"6059"
"544",840.69578134576,200.568163265306,403.200333194502,2020-04-16,"6059"
"545",842.10669701528,211.32306122449,425.149104539775,2020-04-26,"6059"
"546",843.5176126848,219.371428571429,441.574344023324,2020-05-05,"6059"
"547",844.92852835433,232.191836734694,467.738442315702,2020-05-15,"6059"
"548",846.94412216793,232.547959183673,468.465222823823,2020-05-25,"6059"
"549",848.35503783745,228.915510204082,461.052061640983,2020-06-04,"6059"
"550",849.76595350697,225.995306122449,455.092461474386,2020-06-14,"6059"
"551",851.17686917649,224.92693877551,452.912119950021,2020-06-24,"6059"
"552",852.58778484601,219.015306122449,440.847563515202,2020-07-04,"6059"
"553",853.99870051553,220.012448979592,442.882548937942,2020-07-14,"6059"
"554",855.40961618505,217.875714285714,438.521865889213,2020-07-24,"6059"
"555",856.82053185458,218.801632653061,440.411495210329,2020-08-02,"6059"
"556",858.83612566818,218.018163265306,438.812578092461,2020-08-12,"6059"
"557",860.25543964526,217.804489795918,438.376509787588,2020-08-22,"6059"
"558",861.66635531478,210.112244897959,422.678050812162,2020-09-01,"6059"
"559",863.0772709843,216.166326530612,435.033319450229,2020-09-11,"6059"
"560",864.89130541654,223.431224489796,449.85964181591,2020-09-21,"6059"
"561",866.30222108606,232.761632653061,468.901291128696,2020-10-01,"6059"
"562",867.71313675558,230.838571428571,464.97667638484,2020-10-11,"6059"
"563",869.1240524251,228.345714285714,459.889212827988,2020-10-21,"6059"
"564",871.13964623871,225.354285714286,453.784256559767,2020-10-31,"6059"
"565",872.55056190823,220.867142857143,444.626822157434,2020-11-09,"6059"
"566",873.96147757775,225.639183673469,454.365680966264,2020-11-19,"6059"
"567",875.37239324727,223.71612244898,450.441066222407,2020-11-29,"6059"
"568",877.18642767951,223.288775510204,449.568929612661,2020-12-09,"6059"
"569",878.59734334903,223.431224489796,449.85964181591,2020-12-19,"6059"
"570",880.00825901855,223.146326530612,449.278217409413,2020-12-29,"6059"
"571",881.41917468807,232.334285714286,468.02915451895,2021-01-08,"6059"
"572",883.43476850168,227.277346938776,457.708871303623,2021-01-18,"6059"
"573",884.8456841712,231.835714285714,467.01166180758,2021-01-28,"6059"
"574",886.25659984072,231.408367346939,466.139525197834,2021-02-06,"6059"
"575",887.66751551024,231.978163265306,467.302374010829,2021-02-16,"6059"
"576",889.68310932384,219.51387755102,441.865056226572,2021-02-26,"6059"
"577",891.09402499336,213.531020408163,429.655143690129,2021-03-08,"6059"
"578",892.50494066288,211.679183673469,425.875885047897,2021-03-18,"6059"
"579",893.91585633241,212.177755102041,426.893377759267,2021-03-28,"6059"
"580",895.72989076465,219.941224489796,442.737192836318,2021-04-07,"6059"
"581",897.13240812661,215.169183673469,432.998334027489,2021-04-17,"6059"
"582",898.54332379613,213.174897959184,428.928363182008,2021-04-27,"6059"
"583",899.95423946565,222.505306122449,447.970012494794,2021-05-06,"6059"
"584",901.96983327926,230.553673469388,464.395251978342,2021-05-16,"6059"
"585",903.38074894878,227.491020408163,458.144939608496,2021-05-26,"6059"
"586",904.7916646183,233.117755102041,469.628071636818,2021-06-05,"6059"
"587",906.20258028782,237.177551020408,477.913369429404,2021-06-15,"6059"
"588",908.01661472006,239.599183673469,482.855476884631,2021-06-25,"6059"
"589",909.42753038958,239.884081632653,483.436901291129,2021-07-05,"6059"
"590",910.8384460591,239.456734693878,482.564764681383,2021-07-15,"6059"
"591",912.24936172863,240.026530612245,483.727613494377,2021-07-25,"6059"
"592",914.26495554223,236.96387755102,477.477301124531,2021-08-04,"6059"
"593",915.67587121175,232.191836734694,467.738442315702,2021-08-13,"6059"
"594",917.08678688127,229.841428571429,462.941690962099,2021-08-23,"6059"
"595",918.49770255079,229.414081632653,462.069554352353,2021-09-02,"6059"
"596",920.51329636439,228.915510204082,461.052061640983,2021-09-12,"6059"
"597",921.92421203391,233.687551020408,470.790920449813,2021-09-22,"6059"
"598",923.33512770344,234.257346938776,471.953769262807,2021-10-02,"6059"
"599",924.74604337296,234.898367346939,473.261974177426,2021-10-12,"6059"
"600",926.15695904248,235.254489795918,473.988754685548,2021-10-22,"6059"
"601",927.567874712,236.109183673469,475.73302790504,2021-11-01,"6059"
"602",928.97879038152,235.112040816326,473.698042482299,2021-11-10,"6059"
"603",930.38970605104,236.394081632653,476.314452311537,2021-11-20,"6059"
"604",932.40529986464,235.183265306122,473.843398583923,2021-11-30,"6059"
"605",933.82461384172,243.801428571429,491.431486880466,2021-12-10,"6059"
"606",935.23552951124,244.442448979592,492.739691795085,2021-12-20,"6059"
"607",936.64644518076,243.089183673469,489.977925864223,2021-12-30,"6059"
"608",938.46047961301,242.092040816327,487.942940441483,2022-01-09,"6059"
"609",939.87139528253,237.533673469388,478.640149937526,2022-01-19,"6059"
"610",941.28231095205,241.664693877551,487.070803831737,2022-01-29,"6059"
"611",942.69322662157,242.234489795918,488.233652644731,2022-02-08,"6059"
"612",944.70882043517,239.100612244898,481.837984173261,2022-02-17,"6059"
"613",946.11973610469,242.234489795918,488.233652644731,2022-02-27,"6059"
"614",947.53065177421,249.285714285714,500.571428571429,2022-03-09,"6059"
"615",948.94156744374,257.975102040816,517.950204081633,2022-03-19,"6059"
"616",950.75560187598,249.285714285714,500.571428571429,2022-03-29,"6059"
"617",952.1665175455,236.750204081633,477.041232819658,2022-04-08,"6059"
"618",953.57743321502,231.408367346939,466.139525197834,2022-04-18,"6059"
"619",954.98834888454,237.462448979592,478.494793835902,2022-04-28,"6059"
"620",957.00394269814,244.798571428571,493.466472303207,2022-05-08,"6059"
"621",958.41485836766,250.140408163265,502.280816326531,2022-05-17,"6059"
"622",959.82577403719,242.519387755102,488.815077051229,2022-05-27,"6059"
"623",961.23668970671,242.234489795918,488.233652644731,2022-06-06,"6059"
"624",963.25228352031,253.131836734694,508.263673469388,2022-06-16,"6059"
"625",964.66319918983,263.459387755102,528.918775510204,2022-06-26,"6059"
"626",966.07411485935,251.992244897959,505.984489795918,2022-07-06,"6059"
"627",967.48503052887,246.650408163265,497.245730945439,2022-07-16,"6059"
"628",969.29906496111,245.083469387755,494.047896709704,2022-07-26,"6059"
"629",970.70158232308,242.092040816327,487.942940441483,2022-08-05,"6059"
"630",972.1124979926,240.240204081633,484.16368179925,2022-08-14,"6059"
"631",973.52341366212,247.006530612245,497.972511453561,2022-08-24,"6059"
"632",975.53900747572,246.650408163265,497.245730945439,2022-09-03,"6059"
"633",976.94992314524,254.128979591837,510.257959183673,2022-09-13,"6059"
"634",978.36083881477,256.835510204082,515.671020408163,2022-09-23,"6059"
"635",979.77175448429,251.564897959184,505.129795918367,2022-10-03,"6059"
"636",981.58578891653,247.006530612245,497.972511453561,2022-10-13,"6059"
"637",982.99670458605,247.647551020408,499.28071636818,2022-10-23,"6059"
"638",984.40762025557,247.006530612245,497.972511453561,2022-11-02,"6059"
"639",985.81853592509,250.140408163265,502.280816326531,2022-11-12,"6059"
"640",987.83412973869,254.41387755102,510.827755102041,2022-11-21,"6059"
"641",989.24504540822,260.681632653061,523.363265306122,2022-12-01,"6059"
"642",990.65596107774,269.798367346939,541.596734693877,2022-12-11,"6059"
"643",992.06687674726,276.422244897959,554.844489795918,2022-12-21,"6059"
"644",994.08247056086,292.946326530612,587.892653061224,2022-12-31,"6059"
"645",995.49338623038,292.518979591837,587.037959183673,2023-01-10,"6059"
"646",996.9043018999,285.325306122449,572.650612244898,2023-01-20,"6059"
"647",998.31521756942,292.091632653061,586.183265306123,2023-01-30,"6059"
"648",999.72613323894,288.387959183673,578.775918367347,2023-02-09,"6059"
"649",1001.1370489085,292.875102040816,587.750204081633,2023-02-18,"6059"
"650",1002.547964578,295.08306122449,592.16612244898,2023-02-28,"6059"
"651",1003.9588802475,289.171428571429,580.342857142857,2023-03-10,"6059"
"652",1005.9744740611,283.687142857143,569.374285714286,2023-03-20,"6059"
"653",1007.3937880382,279.769795918367,561.539591836735,2023-03-30,"6059"
"654",1008.8047037077,279.342448979592,560.684897959184,2023-04-09,"6059"
"655",1010.2156193772,274.784081632653,551.568163265306,2023-04-19,"6059"
"656",1012.0296538095,272.504897959184,547.009795918367,2023-04-29,"6059"
"657",1013.440569479,273.573265306122,549.146530612245,2023-05-09,"6059"
"658",1014.8514851485,276.849591836735,555.699183673469,2023-05-19,"6059"
